h,k,l,intensity_exp,error
-10,-4,-10,30.81697811960947,0
-10,-4,-8,74.5435234779759,0
-10,-4,-6,37.62710404307118,0
-10,-3,-9,39.57422908091911,0
-10,-3,-7,32.24829208822982,0
-10,-3,-5,85.73803368499809,0
-10,-2,-10,36.645148999878934,0
-10,-2,-8,64.50667700049236,0
-10,-2,-6,31.844657405879698,0
-10,-2,-4,48.503965475251974,0
-10,-2,-2,42.229945752334174,0
-10,-1,-9,25.285866267010622,0
-10,-1,-7,37.23357714252845,0
-10,-1,-5,162.58682260922097,0
-10,-1,-3,108.52339987841314,0
-10,0,-10,48.274172087855526,0
-10,0,-8,73.87514112463236,0
-10,0,-6,87.19701377849208,0
-10,0,-4,81.83145203176609,0
-10,0,-2,51.04723940005491,0
-10,0,2,86.68565495419556,0
-10,0,10,23.7697096930296,0
-10,1,-9,48.86969435573384,0
-10,1,-7,76.53894710727087,0
-10,1,-5,120.54798578400903,0
-10,1,-3,94.79831652145575,0
-10,1,-1,85.63427631720221,0
-10,1,1,59.84352138696032,0
-10,1,3,119.18252133396757,0
-10,2,-10,84.4322003773604,0
-10,2,-8,58.32212687333826,0
-10,2,-6,100.52576552541875,0
-10,2,-4,126.5976272593858,0
-10,2,-2,42.15942031830846,0
-10,2,2,50.1167846380391,0
-10,2,4,82.04028785639228,0
-10,2,6,26.076648899706168,0
-10,3,-9,41.15673365957479,0
-10,3,-7,20.73990431367409,0
-10,3,-5,76.63406098193634,0
-10,3,-3,56.434223030697744,0
-10,3,-1,108.1368710340175,0
-10,3,1,12.030557918310894,0
-10,3,3,54.181281665043414,0
-10,3,5,48.055919346361094,0
-10,3,7,57.38479641216721,0
-10,4,-10,60.92730258258342,0
-10,4,-6,21.036883307822,0
-10,4,-4,25.855682423962,0
-10,4,-2,42.03072034314431,0
-10,4,0,82.30423408642262,0
-10,4,2,21.7790197377038,0
-10,4,4,8.972418870423033,0
-10,4,6,5.245888172539157,0
-10,4,8,50.204071582114594,0
-10,4,10,22.62295299882504,0
-9,-4,-9,31.59185311292316,0
-9,-4,-7,49.07902635666782,0
-9,-3,-10,22.373077484769432,0
-9,-3,-8,106.74800434611808,0
-9,-3,-6,103.13932311370327,0
-9,-3,-4,63.115914397767924,0
-9,-3,10,116.79130998056895,0
-9,-2,-9,70.14295290107599,0
-9,-2,-5,67.5133411128129,0
-9,-2,-3,229.01881076974928,0
-9,-2,-1,114.06156395777413,0
-9,-2,9,62.33671705875775,0
-9,-1,-6,221.03389478084196,0
-9,-1,-4,29.823110206186,0
-9,-1,-2,188.4903596536154,0
-9,-1,0,187.5809182734859,0
-9,-1,8,63.49461046541498,0
-9,-1,10,126.24185967158623,0
-9,0,-9,36.52376078631962,0
-9,0,-7,200.76728548425058,0
-9,0,-5,83.51182025262376,0
-9,0,-3,288.9821896110267,0
-9,0,-1,5.529927188578276e-10,0
-9,0,1,43.271806367862524,0
-9,0,3,87.55563989883304,0
-9,0,9,49.396025280848086,0
-9,1,-10,211.7888841766205,0
-9,1,-6,141.5464125549018,0
-9,1,-4,71.37502274371484,0
-9,1,-2,277.65037822908494,0
-9,1,0,190.4049141110678,0
-9,1,2,279.5198716364104,0
-9,1,4,14.312382766295954,0
-9,2,-9,19.20263479431539,0
-9,2,-5,184.60580264663022,0
-9,2,-3,348.67591802732017,0
-9,2,-1,27.520060145508648,0
-9,2,1,37.45006377696574,0
-9,2,3,98.17016410502835,0
-9,2,5,185.36893387383847,0
-9,2,7,34.801512192652844,0
-9,3,-10,181.83027106306346,0
-9,3,-8,147.87827849370933,0
-9,3,-6,148.03029515792016,0
-9,3,-2,114.01649849685191,0
-9,3,0,149.79938319796577,0
-9,3,2,164.6068167568113,0
-9,3,4,28.55570084803887,0
-9,3,6,38.724010290947774,0
-9,3,8,25.21125203775151,0
-9,4,-9,60.07738949896213,0
-9,4,-7,51.33121372170733,0
-9,4,-5,43.21904498497262,0
-9,4,-3,180.19448070647627,0
-9,4,-1,19.878604939205704,0
-9,4,1,73.52639252220177,0
-9,4,3,53.46593388354526,0
-9,4,5,44.704580707233966,0
-9,4,7,58.54004743131214,0
-9,4,9,27.298528544166498,0
-8,-4,-8,127.64964992130275,0
-8,-4,-6,59.65158345846651,0
-8,-4,-4,34.23663977426214,0
-8,-3,-9,129.24760668879864,0
-8,-3,-5,388.6599522762611,0
-8,-3,9,16.27478796013402,0
-8,-2,-10,175.8330170613953,0
-8,-2,-8,195.97378955395143,0
-8,-2,-2,101.64163270230333,0
-8,-2,0,619.7070096782035,0
-8,-2,8,253.10317215228847,0
-8,-2,10,34.1832908355515,0
-8,-1,-9,54.18550760734729,0
-8,-1,-5,240.77139407322449,0
-8,-1,-3,262.955065808907,0
-8,-1,-1,395.12875519768556,0
-8,-1,1,207.84600184209995,0
-8,-1,7,101.93759777154132,0
-8,-1,9,44.73190028139274,0
-8,0,-10,86.73019096857065,0
-8,0,-8,270.7613914777307,0
-8,0,-6,215.01038331319586,0
-8,0,-2,169.53662465366972,0
-8,0,0,793.1585514892454,0
-8,0,2,60.998841690271156,0
-8,0,4,177.6279165096959,0
-8,0,10,57.88507919053964,0
-8,1,-9,169.7130278887734,0
-8,1,-7,126.50331440335658,0
-8,1,-5,376.5779063951362,0
-8,1,-3,319.64146420011224,0
-8,1,1,149.98163846384094,0
-8,1,3,199.2731500742629,0
-8,1,5,199.88783885239644,0
-8,1,7,142.25234397714175,0
-8,1,9,41.34691805845967,0
-8,2,-10,156.54178432907148,0
-8,2,-8,256.33741935227675,0
-8,2,-6,128.31470048218154,0
-8,2,-4,302.12205190219134,0
-8,2,-2,135.6871837928161,0
-8,2,0,95.90626821378856,0
-8,2,2,98.67909048758027,0
-8,2,4,59.51671709478228,0
-8,2,6,15.55421975436713,0
-8,2,8,140.5520070963498,0
-8,3,-9,33.08390931968067,0
-8,3,-7,90.40196037020691,0
-8,3,-5,146.64761701493006,0
-8,3,-3,286.058562932541,0
-8,3,-1,217.32706181368815,0
-8,3,1,92.8683095679999,0
-8,3,3,211.808082004311,0
-8,3,7,131.79508575080567,0
-8,3,9,29.743846602804496,0
-8,4,-10,37.90529867657131,0
-8,4,-8,48.13337678785219,0
-8,4,-6,82.62385483689044,0
-8,4,-4,119.69647325092971,0
-8,4,-2,119.42030858909067,0
-8,4,0,129.241830537113,0
-8,4,2,35.43463093196734,0
-8,4,4,54.4063101850368,0
-8,4,6,21.809494997411022,0
-8,4,8,15.8429656804967,0
-8,4,10,33.07709443575515,0
-7,-4,-9,66.22828523463204,0
-7,-4,-3,194.8108761010331,0
-7,-4,7,87.35083700405838,0
-7,-4,9,61.62070886536106,0
-7,-3,-4,34.835177917330455,0
-7,-3,-2,326.5437661754125,0
-7,-3,6,245.9196637957759,0
-7,-3,8,66.34847601251394,0
-7,-3,10,145.1365494456687,0
-7,-2,-7,371.24952837315595,0
-7,-2,-3,373.67276577918364,0
-7,-2,-1,222.00264978236333,0
-7,-2,7,114.97359335495601,0
-7,-1,-8,220.67084735842388,0
-7,-1,-4,107.39951117995983,0
-7,-1,0,490.22349370795223,0
-7,-1,6,267.6006244555917,0
-7,-1,8,136.31353561345068,0
-7,0,-9,75.9863700057318,0
-7,0,-7,281.019928700427,0
-7,0,-5,947.3026905712696,0
-7,0,-3,437.52208123887397,0
-7,0,-1,362.2854234171863,0
-7,0,1,492.6625843929336,0
-7,0,5,351.4400742120089,0
-7,0,7,151.08385627127964,0
-7,0,9,84.62581509144164,0
-7,1,-8,262.51502953213446,0
-7,1,-6,535.6040766113377,0
-7,1,-4,120.771892295491,0
-7,1,-2,861.2535407790158,0
-7,1,0,499.7077295669707,0
-7,1,2,359.2483183779383,0
-7,1,4,88.12568864867984,0
-7,1,6,236.45324516656584,0
-7,1,8,98.21326668203828,0
-7,1,10,79.27092005442199,0
-7,2,-9,79.99537746981488,0
-7,2,-7,260.81339222317405,0
-7,2,-5,467.8221167780391,0
-7,2,-3,252.57310479353782,0
-7,2,-1,213.6138982020955,0
-7,2,1,113.96176661891194,0
-7,2,3,317.4625537464687,0
-7,2,5,294.4389406010882,0
-7,2,7,104.4489326026125,0
-7,2,9,69.1628643979415,0
-7,3,-10,399.767549815532,0
-7,3,-6,436.56657823802743,0
-7,3,-4,56.49010133386766,0
-7,3,-2,453.2256298647802,0
-7,3,0,177.9846388971212,0
-7,3,2,335.84671831204724,0
-7,3,4,36.31809848710345,0
-7,3,6,142.94190902717656,0
-7,3,8,73.02849352272844,0
-7,4,-9,73.64916620468594,0
-7,4,-7,110.39166246552293,0
-7,4,-5,158.5880785735239,0
-7,4,1,0.13439874803996368,0
-7,4,3,113.46540717378001,0
-7,4,5,172.15637529616217,0
-7,4,7,77.9786632571636,0
-7,4,9,100.54905053957856,0
-6,-4,-10,125.54628584162478,0
-6,-4,-4,170.67929257075593,0
-6,-4,6,79.08882639196698,0
-6,-4,8,273.01678766815826,0
-6,-3,-9,78.35649178678023,0
-6,-3,-7,225.52062970731652,0
-6,-3,-5,475.59631729147463,0
-6,-3,-1,544.9316265595994,0
-6,-3,5,430.94331490414135,0
-6,-3,7,134.15999917205147,0
-6,-3,9,51.50544904851086,0
-6,-2,-10,166.35614702216432,0
-6,-2,-6,162.13119448520698,0
-6,-2,-4,489.139895507818,0
-6,-2,-2,275.48564833197884,0
-6,-2,2,331.6805386642826,0
-6,-2,6,85.54678095899672,0
-6,-2,8,511.116175761507,0
-6,-1,-7,339.15386121026086,0
-6,-1,-5,737.4208098589386,0
-6,-1,-1,552.750021357756,0
-6,-1,1,435.4706574968142,0
-6,-1,3,756.0791905101107,0
-6,-1,5,651.3906503267186,0
-6,-1,7,272.79488876326343,0
-6,-1,9,88.10406053044653,0
-6,0,-10,267.2007305495368,0
-6,0,-8,1140.2765182511498,0
-6,0,-4,631.952494812361,0
-6,0,-2,457.57580646657624,0
-6,0,0,2152.431091811887,0
-6,0,2,447.8604143754822,0
-6,0,4,423.3224647985149,0
-6,0,6,148.37091363753584,0
-6,0,10,227.36051864047596,0
-6,1,-9,207.87145655600457,0
-6,1,-7,539.9536310620986,0
-6,1,-5,1209.3967240121901,0
-6,1,-3,725.1423805243323,0
-6,1,-1,156.44734926455908,0
-6,1,1,521.9161511560492,0
-6,1,3,809.3072356707688,0
-6,1,5,463.23164034161084,0
-6,1,7,189.36747215529132,0
-6,1,9,66.4659314632402,0
-6,2,-10,267.37462972742856,0
-6,2,-8,1689.0816908897198,0
-6,2,-6,377.131796140399,0
-6,2,-2,210.89760530383148,0
-6,2,0,1199.5976622876046,0
-6,2,2,263.14935550896246,0
-6,2,4,375.1534677540523,0
-6,2,6,134.69596241674324,0
-6,2,10,108.90819810538554,0
-6,3,-9,211.34389666029693,0
-6,3,-7,332.803576431814,0
-6,3,-5,530.886546247219,0
-6,3,-3,415.26983769701957,0
-6,3,-1,256.63894632088807,0
-6,3,1,182.63056749535556,0
-6,3,3,181.52795358009658,0
-6,3,5,428.97408183245,0
-6,3,7,188.1039251864889,0
-6,3,9,92.11480945623882,0
-6,4,-8,518.2319723740852,0
-6,4,-6,108.81211690303265,0
-6,4,-4,304.44842603381625,0
-6,4,-2,177.24906319707523,0
-6,4,0,637.3866324484909,0
-6,4,2,177.754586797399,0
-6,4,4,151.45450694875683,0
-6,4,6,76.35258222675363,0
-6,4,8,276.2295390637745,0
-6,4,10,66.01106809376284,0
-5,-4,-9,105.77239139264562,0
-5,-4,-7,184.49326458025052,0
-5,-4,-5,344.3607158043151,0
-5,-4,-1,239.1689639995006,0
-5,-4,5,647.3042041667762,0
-5,-4,7,155.1986875952097,0
-5,-4,9,133.9110973090382,0
-5,-3,-10,642.9420169573475,0
-5,-3,-8,382.26373738637875,0
-5,-3,-4,138.84185786989872,0
-5,-3,-2,980.0150864751784,0
-5,-3,4,86.78908094007426,0
-5,-3,6,664.4963994135552,0
-5,-3,10,446.9915769719348,0
-5,-2,-7,503.39304104358126,0
-5,-2,-5,1022.1532847111832,0
-5,-2,5,968.5285622131521,0
-5,-2,7,313.9753037691434,0
-5,-1,-8,613.3078600115344,0
-5,-1,-6,1324.746911099985,0
-5,-1,-4,260.6918744115582,0
-5,-1,4,104.79138505521543,0
-5,-1,6,445.3110048232651,0
-5,-1,8,330.0539677584857,0
-5,0,-9,278.7132732312785,0
-5,0,-7,752.8792822262385,0
-5,0,-5,2030.991427193711,0
-5,0,-3,1879.2811213741218,0
-5,0,5,870.6387810509605,0
-5,0,7,303.5232045547269,0
-5,0,9,117.99734119281243,0
-5,1,-10,1022.289023907674,0
-5,1,-6,1282.3819997430182,0
-5,1,-4,171.32046886074593,0
-5,1,-2,1706.7207879385562,0
-5,1,0,1287.6644747059925,0
-5,1,6,365.61799295216156,0
-5,1,8,308.0292779588406,0
-5,1,10,424.7725180007734,0
-5,2,-9,223.19848872113158,0
-5,2,-7,577.5436175520305,0
-5,2,-5,1472.1350491596988,0
-5,2,-3,1229.3880831728472,0
-5,2,-1,593.2291412582631,0
-5,2,1,306.7889124877482,0
-5,2,3,758.016798523724,0
-5,2,5,1030.3757376435144,0
-5,2,7,234.77125961503938,0
-5,2,9,115.18115411507448,0
-5,3,-10,675.615072588478,0
-5,3,-8,498.69312061298297,0
-5,3,-4,125.61943322944009,0
-5,3,-2,1212.8910862733426,0
-5,3,2,789.2170513754974,0
-5,3,4,84.1301518033985,0
-5,3,6,300.6158924138124,0
-5,3,8,222.4669942597413,0
-5,3,10,511.4878368374799,0
-5,4,-9,223.01190969380806,0
-5,4,-7,295.8854257283893,0
-5,4,-5,546.1342178808178,0
-5,4,-3,1004.9644370689293,0
-5,4,-1,447.832945356078,0
-5,4,1,390.5540612422742,0
-5,4,3,2.8344354209279017e-11,0
-5,4,5,463.3640081891483,0
-5,4,7,242.9078732477899,0
-5,4,9,124.11901644911943,0
-4,-4,-10,168.12484142522464,0
-4,-4,-6,181.2329416955748,0
-4,-4,-4,664.3617576895991,0
-4,-4,4,490.31844728149457,0
-4,-4,6,120.90614962708511,0
-4,-4,8,491.88591220797014,0
-4,-4,10,127.68535369481769,0
-4,-3,-9,285.23459711853616,0
-4,-3,-7,552.4008460615984,0
-4,-3,-5,1394.2293635228878,0
-4,-3,1,993.5884263637577,0
-4,-3,5,1237.658698756884,0
-4,-3,7,332.2661400982078,0
-4,-3,9,111.49399400544358,0
-4,-2,-10,564.9996979153804,0
-4,-2,-8,2125.4812735767296,0
-4,-2,-6,321.9219780157697,0
-4,-2,-2,1787.5316493589944,0
-4,-2,0,7337.563517714899,0
-4,-2,2,715.1144875724586,0
-4,-2,4,1040.5876241607525,0
-4,-2,8,786.7733157585857,0
-4,-2,10,278.61966480635647,0
-4,-1,-9,423.78192819382963,0
-4,-1,-5,4998.419219785774,0
-4,-1,-3,6909.492205814235,0
-4,-1,-1,1575.050903033812,0
-4,-1,1,1998.582287972993,0
-4,-1,3,2715.2974073984033,0
-4,-1,5,2179.1155822339024,0
-4,-1,9,243.61304656731187,0
-4,0,-10,831.5104130404533,0
-4,0,-8,3369.8846896739337,0
-4,0,-6,649.371046419136,0
-4,0,-4,2190.7780557078963,0
-4,0,-2,1401.0868640496315,0
-4,0,0,11607.96637589143,0
-4,0,2,1732.140429053887,0
-4,0,10,194.47841677049254,0
-4,1,-9,513.8026878394674,0
-4,1,-5,2201.8259576100977,0
-4,1,-3,3005.295492686856,0
-4,1,-1,1890.9466000651196,0
-4,1,1,1636.8300471215048,0
-4,1,3,2668.104887531418,0
-4,1,5,2697.616978605561,0
-4,1,7,928.6744247500434,0
-4,1,9,241.14367044417537,0
-4,2,-10,575.7063447602441,0
-4,2,-6,191.99516795953832,0
-4,2,-4,789.4045073252297,0
-4,2,-2,1092.1328401785813,0
-4,2,0,6537.027200870349,0
-4,2,2,221.24484169426194,0
-4,2,4,919.1215564316612,0
-4,2,6,364.01410257020007,0
-4,2,10,281.928486773211,0
-4,3,-9,351.12065416259844,0
-4,3,-7,696.5434043574885,0
-4,3,-1,152.02043305773338,0
-4,3,1,468.06374554381347,0
-4,3,3,1000.5310949751179,0
-4,3,5,786.4511500700139,0
-4,3,7,463.5383790955119,0
-4,3,9,246.01317297280332,0
-4,4,-10,170.919237690548,0
-4,4,-8,1652.2060650684095,0
-4,4,-6,286.52447114292323,0
-4,4,-4,915.0471554680914,0
-4,4,-2,419.9700482391753,0
-4,4,0,1740.768200396829,0
-4,4,2,490.08817952257635,0
-4,4,4,337.6025051316318,0
-4,4,6,93.96081515859436,0
-4,4,8,836.368913449041,0
-4,4,10,215.4347672264112,0
-3,-4,-7,90.81518308414448,0
-3,-4,-5,1256.5890611027132,0
-3,-4,-1,160.91055597735547,0
-3,-4,1,488.54391494041323,0
-3,-4,3,835.2040074725492,0
-3,-4,9,219.01242865620796,0
-3,-3,-10,1435.249276060773,0
-3,-3,-8,730.8880169568629,0
-3,-3,-4,68.93327495202553,0
-3,-3,-2,1878.4437146543582,0
-3,-3,0,1702.7174724439396,0
-3,-3,2,3433.7432788162664,0
-3,-3,4,101.39703670892212,0
-3,-3,10,582.5991384296786,0
-3,-2,-7,1704.2716947399385,0
-3,-2,-5,4461.741743745392,0
-3,-2,-3,4913.969608049593,0
-3,-2,-1,2012.7060082071023,0
-3,-2,1,1654.767303088243,0
-3,-2,3,3094.8297899337267,0
-3,-2,5,3046.29213647656,0
-3,-2,7,52.02450985100943,0
-3,-1,-8,2329.841631177202,0
-3,-1,-6,3031.476182412535,0
-3,-1,-4,303.55576561462374,0
-3,-1,-2,7983.788728037347,0
-3,-1,0,6180.265171218585,0
-3,-1,2,7519.52552846126,0
-3,-1,4,278.33250337784534,0
-3,-1,6,2258.7965061274217,0
-3,-1,8,1152.3211254474586,0
-3,-1,10,1617.5097329183961,0
-3,0,-9,838.5252658657628,0
-3,0,-7,1638.7801723805223,0
-3,0,-5,3648.8276021440925,0
-3,0,-3,4220.329259903818,0
-3,0,-1,1413.2651318633752,0
-3,0,1,2245.6962490944193,0
-3,0,3,6057.932858708751,0
-3,0,5,4081.4607161185595,0
-3,0,7,1904.311793689502,0
-3,0,9,478.6186449757596,0
-3,1,-10,1411.7451471655395,0
-3,1,-8,933.2323158351353,0
-3,1,-6,3007.724233169403,0
-3,1,-4,281.88917440324013,0
-3,1,-2,7602.856072435008,0
-3,1,0,4984.347972031288,0
-3,1,2,6673.074863665579,0
-3,1,4,299.33946348772474,0
-3,1,6,2812.2813149586223,0
-3,1,8,1857.4442860960794,0
-3,2,-9,146.6487024766363,0
-3,2,-7,602.6816952808845,0
-3,2,-5,2076.1505964817175,0
-3,2,-3,3948.0941486854185,0
-3,2,-1,2151.2572573579364,0
-3,2,1,922.3530695152006,0
-3,2,3,3285.5029901056014,0
-3,2,5,4411.96375816122,0
-3,2,7,1706.3238525004879,0
-3,3,-10,1639.2821646983073,0
-3,3,-8,1265.4297623390516,0
-3,3,0,1524.982010401739,0
-3,3,2,4142.784642031014,0
-3,3,4,325.1551881489849,0
-3,3,6,2963.0938106875064,0
-3,3,8,460.25109121678867,0
-3,3,10,1294.7975211443193,0
-3,4,-9,519.6804181007999,0
-3,4,-7,832.752964641369,0
-3,4,-5,1599.519828382183,0
-3,4,3,874.0701364348345,0
-3,4,5,847.2811222489185,0
-3,4,7,501.02844818571225,0
-3,4,9,247.87357135843425,0
-2,-4,-10,799.7022055079962,0
-2,-4,-6,144.15132270751238,0
-2,-4,-4,505.29747058265707,0
-2,-4,-2,701.5435828880236,0
-2,-4,4,906.2214325603118,0
-2,-4,6,207.3734943261418,0
-2,-3,-7,333.3320952566619,0
-2,-3,-5,2274.344906429352,0
-2,-3,-3,2569.7456805267475,0
-2,-3,-1,1224.258543720601,0
-2,-3,1,893.7624049727193,0
-2,-3,3,2473.5677629135057,0
-2,-3,5,1922.2586679405001,0
-2,-3,7,709.2844692405341,0
-2,-3,9,396.8462708519449,0
-2,-2,-8,4716.840428026504,0
-2,-2,-6,524.9503172333184,0
-2,-2,-4,3941.3548801601655,0
-2,-2,-2,1948.6989821816612,0
-2,-2,0,11255.582705579707,0
-2,-2,2,2004.3636645544811,0
-2,-2,4,2874.1095793278137,0
-2,-2,6,449.92156463273886,0
-2,-2,8,4193.596360574198,0
-2,-2,10,798.618649234428,0
-2,-1,-9,606.2428848022918,0
-2,-1,-7,1716.4448390377593,0
-2,-1,-5,8283.108197213378,0
-2,-1,-3,8695.374162277578,0
-2,-1,-1,3128.021548896344,0
-2,-1,1,3833.329511825798,0
-2,-1,3,7273.617012366567,0
-2,-1,5,3610.061540628036,0
-2,-1,7,1485.8961937020506,0
-2,-1,9,648.5436636347805,0
-2,0,-10,1210.9390016021464,0
-2,0,-8,6650.391198865437,0
-2,0,-6,836.275752564107,0
-2,0,-4,4925.482634438486,0
-2,0,-2,3246.750813650016,0
-2,0,0,22659.433408194443,0
-2,0,2,3123.504695867966,0
-2,0,4,4846.442068326412,0
-2,0,6,729.7814805129749,0
-2,0,8,6732.910000893061,0
-2,0,10,1336.816894407366,0
-2,1,-9,623.9691395800511,0
-2,1,-7,1820.887014723028,0
-2,1,-5,5004.100897873947,0
-2,1,-3,7392.095230206502,0
-2,1,-1,2983.293375207815,0
-2,1,1,3873.972731397362,0
-2,1,3,9077.529781560677,0
-2,1,5,7274.5320530873905,0
-2,1,7,2052.558512389277,0
-2,1,9,869.0898979222134,0
-2,2,-10,373.9847339711711,0
-2,2,-8,3834.3597062255058,0
-2,2,-6,571.0990567654234,0
-2,2,-4,2633.7151459070715,0
-2,2,-2,1991.254849243187,0
-2,2,0,15497.392351275817,0
-2,2,2,2126.3181360606554,0
-2,2,4,3527.3207940551465,0
-2,2,6,805.1577237645954,0
-2,2,8,4399.490934732691,0
-2,2,10,1782.5066839556125,0
-2,3,-7,1093.8205974376895,0
-2,3,-5,2474.394357945508,0
-2,3,-3,2999.931998901034,0
-2,3,-1,1240.9023594762018,0
-2,3,1,1005.2033964857009,0
-2,3,3,3700.4097070956554,0
-2,3,5,3841.58806003083,0
-2,3,7,1778.1853207500185,0
-2,4,-10,622.5119792396314,0
-2,4,-8,3293.402413263146,0
-2,4,-6,593.4014305816276,0
-2,4,0,5819.50735264899,0
-2,4,2,1131.4060532380236,0
-2,4,4,2375.3429630132746,0
-2,4,6,244.10131401665896,0
-2,4,8,1077.0362008566458,0
-2,4,10,456.2291176591449,0
-1,-4,-9,502.71369166603614,0
-1,-4,-7,349.01253313233127,0
-1,-4,-5,825.4640115084555,0
-1,-4,-3,1262.2419610119896,0
-1,-4,-1,1102.6544682563615,0
-1,-4,1,1116.183691263989,0
-1,-4,3,1914.0886685308033,0
-1,-4,5,1678.4636291218392,0
-1,-4,7,519.597871984456,0
-1,-4,9,297.99558192825117,0
-1,-3,-8,557.7685641219296,0
-1,-3,-6,3665.0895731928,0
-1,-3,-4,336.93897694757084,0
-1,-3,-2,5795.1774298378905,0
-1,-3,0,2271.4895094861977,0
-1,-3,2,3913.225548257005,0
-1,-3,4,198.76769959225763,0
-1,-3,6,2034.9660448472148,0
-1,-3,8,1263.9346702528458,0
-1,-2,-9,316.5793704422012,0
-1,-2,-7,1467.442362413221,0
-1,-2,-5,6584.406707292947,0
-1,-2,-3,2705.049350499046,0
-1,-2,-1,2306.6825112829188,0
-1,-2,1,2297.6127686790564,0
-1,-2,3,6133.781609834746,0
-1,-2,5,4228.365960585067,0
-1,-2,7,1003.9752288097716,0
-1,-2,9,457.4905550662379,0
-1,-1,-10,4764.307369598673,0
-1,-1,-8,2324.509151005392,0
-1,-1,-6,7842.0916840367745,0
-1,-1,-4,457.8022155848226,0
-1,-1,-2,13919.38816810084,0
-1,-1,0,8329.930233863828,0
-1,-1,2,13728.629901518661,0
-1,-1,4,425.28663133581335,0
-1,-1,6,3363.7425416686806,0
-1,-1,8,2129.7549308975936,0
-1,-1,10,3801.8359490925113,0
-1,0,-9,741.8538528106893,0
-1,0,-7,1877.29680115549,0
-1,0,-5,9141.614215305553,0
-1,0,-3,10308.170396903144,0
-1,0,-1,4570.359747409175,0
-1,0,1,3625.696982313414,0
-1,0,3,14813.86871322188,0
-1,0,5,10719.902298478348,0
-1,0,7,3299.5916066306536,0
-1,0,9,1217.1335839620162,0
-1,1,-10,3346.096376118101,0
-1,1,-8,2168.101330046207,0
-1,1,-6,4377.412718062887,0
-1,1,-4,355.7305994961875,0
-1,1,-2,10502.943909636586,0
-1,1,0,6621.459612692236,0
-1,1,2,19285.955377419785,0
-1,1,4,633.7081790070235,0
-1,1,6,7376.0969968374975,0
-1,1,8,2368.058166203716,0
-1,1,10,5038.369374907817,0
-1,2,-9,452.12100214792696,0
-1,2,-7,1156.8998079584105,0
-1,2,-5,4763.613510701682,0
-1,2,-3,5361.0219266822,0
-1,2,-1,2869.776599357247,0
-1,2,1,3185.9862082205127,0
-1,2,3,6892.610398509104,0
-1,2,5,8279.692213493983,0
-1,2,7,2055.766622186728,0
-1,2,9,1153.103356085125,0
-1,3,-10,2079.600249999599,0
-1,3,-8,498.1873812825493,0
-1,3,-6,2265.714068968327,0
-1,3,-4,185.26961287890964,0
-1,3,-2,6847.411356555436,0
-1,3,0,3590.2303225827904,0
-1,3,2,6508.534281255574,0
-1,3,4,279.1144653698849,0
-1,3,6,3846.1013150651584,0
-1,3,8,821.7931285885721,0
-1,4,-9,598.878380657738,0
-1,4,-3,1633.8877581451563,0
-1,4,-1,990.6589229210962,0
-1,4,1,905.9473057946689,0
-1,4,3,3960.2419269079132,0
-1,4,9,285.02567602027,0
0,-4,-10,1130.6560183466177,0
0,-4,-8,1020.6535125301868,0
0,-4,-6,141.34274234986424,0
0,-4,-4,1111.3466752560762,0
0,-4,-2,919.709874263771,0
0,-4,0,4367.176464009986,0
0,-4,2,746.8732068540161,0
0,-4,4,1652.8072783762955,0
0,-4,8,2818.197875912965,0
0,-4,10,528.6895574302519,0
0,-3,-9,234.1425775282854,0
0,-3,-7,556.2376220141557,0
0,-3,-5,4488.911928619291,0
0,-3,-3,4982.5970985627355,0
0,-3,-1,2160.799203260727,0
0,-3,1,1530.075463431241,0
0,-3,3,3974.594779977035,0
0,-3,5,4498.030441896254,0
0,-3,7,1084.6676699070103,0
0,-2,-10,553.6838005543858,0
0,-2,-8,6027.207801199429,0
0,-2,-6,818.6368997162144,0
0,-2,-4,4439.363519583186,0
0,-2,-2,3444.884327486516,0
0,-2,0,26915.858751399992,0
0,-2,2,1664.694239052619,0
0,-2,4,3093.353309370852,0
0,-2,6,727.0461984071,0
0,-2,8,3209.2812008008787,0
0,-1,-9,929.3690893972255,0
0,-1,-7,2984.0881628033153,0
0,-1,-5,8679.546265294703,0
0,-1,-3,8796.684507812055,0
0,-1,-1,4934.198107182815,0
0,-1,1,6594.159145057642,0
0,-1,3,10538.488110967983,0
0,-1,5,8817.737750187824,0
0,-1,7,2202.7450420319483,0
0,-1,9,744.3491725660695,0
0,0,-10,1174.9235608280069,0
0,0,-8,7177.6065637655365,0
0,0,-6,1265.9677872659354,0
0,0,-4,8032.335476969977,0
0,0,4,6691.3910176827885,0
0,0,6,1063.5523193554498,0
0,0,8,7508.388803921588,0
0,0,10,1592.832989371863,0
0,1,-9,962.3268072785952,0
0,1,-7,2888.996735105104,0
0,1,-5,8674.705572088009,0
0,1,-3,5742.673623980538,0
0,1,-1,4600.080953800557,0
0,1,1,7012.189583545124,0
0,1,3,9596.08687309087,0
0,1,5,13935.657343839373,0
0,1,7,2792.1629026880382,0
0,1,9,1304.1191352393241,0
0,2,-10,288.43012936285777,0
0,2,-8,5014.890295406688,0
0,2,-6,629.6364709411148,0
0,2,-4,3684.7497593113535,0
0,2,-2,1856.3527509888252,0
0,2,0,17328.541951800667,0
0,2,2,3416.625722154941,0
0,2,4,5044.749452122177,0
0,2,6,764.2908252906534,0
0,2,8,6315.107124538195,0
0,3,-9,204.9341279690096,0
0,3,-7,1253.0762501802978,0
0,3,-5,3437.958426648451,0
0,3,-3,3868.10912629701,0
0,3,-1,1284.0226538896572,0
0,3,1,1703.873032883228,0
0,3,3,4958.037267677942,0
0,3,5,5878.240557948398,0
0,3,7,1159.0450321208477,0
0,4,-10,830.156021013947,0
0,4,-4,1067.7723421166565,0
0,4,-2,817.8274041127063,0
0,4,0,5171.426646283926,0
0,4,2,999.0973132250999,0
0,4,4,1452.782602508096,0
0,4,8,439.4289041253286,0
0,4,10,582.7721561880287,0
1,-4,-9,431.5455801255267,0
1,-4,-3,2499.45949870358,0
1,-4,-1,865.2192729197692,0
1,-4,1,1267.0188210623921,0
1,-4,3,2884.9722690454164,0
1,-4,5,3530.4394413018417,0
1,-4,9,157.1638970104508,0
1,-3,-10,2210.0780508303956,0
1,-3,-8,621.7769641706041,0
1,-3,-6,3474.1094187675494,0
1,-3,-4,256.75840245677506,0
1,-3,-2,7192.475282311243,0
1,-3,0,3284.5607176534686,0
1,-3,2,5761.737594413981,0
1,-3,4,204.12824244139333,0
1,-3,6,2330.089083111224,0
1,-3,8,570.5707329778289,0
1,-2,-9,797.4129200656016,0
1,-2,-7,2238.8765741592465,0
1,-2,-5,7018.507552126015,0
1,-2,-3,9140.582881343193,0
1,-2,-1,4225.344573580443,0
1,-2,1,2513.7047991180602,0
1,-2,3,5253.875306260162,0
1,-2,5,3904.4719185266204,0
1,-2,7,1206.131223310756,0
1,-2,9,462.6920799500726,0
1,-1,-10,2802.2075202921546,0
1,-1,-8,2277.8900692433863,0
1,-1,-6,4669.631026567033,0
1,-1,-4,372.76169858551293,0
1,-1,-2,20209.448844863084,0
1,-1,0,5355.9261215439465,0
1,-1,2,10026.894164168485,0
1,-1,4,237.52418176887363,0
1,-1,6,3468.2542929646006,0
1,-1,8,1844.2390141259589,0
1,-1,10,2744.8580077778242,0
1,0,-9,863.6596796935098,0
1,0,-7,1995.503074845677,0
1,0,-5,6552.8803228362685,0
1,0,-3,11844.96766684851,0
1,0,-1,5311.4683422529815,0
1,0,1,3369.774662781845,0
1,0,3,8972.931665262804,0
1,0,5,6548.7919406538185,0
1,0,7,1378.6175815711447,0
1,0,9,1096.907221337395,0
1,1,-10,2001.8338184831375,0
1,1,-8,1803.6379436912773,0
1,1,-6,5279.776599136734,0
1,1,-4,340.79914906108706,0
1,1,-2,13707.887196980764,0
1,1,0,12288.623574785932,0
1,1,2,15821.088180939409,0
1,1,4,616.14694007946,0
1,1,6,6091.317005272488,0
1,1,8,2403.6966997609347,0
1,1,10,4070.9951380118387,0
1,2,-9,470.8410577338662,0
1,2,-7,1099.091602872792,0
1,2,-5,4674.76167876209,0
1,2,-3,7297.976341610656,0
1,2,-1,3059.540709279517,0
1,2,1,2896.096339862437,0
1,2,3,9774.523821959734,0
1,2,5,4585.992521874088,0
1,2,7,1682.2260260370858,0
1,2,9,640.8155658042765,0
1,3,-10,2958.348100689377,0
1,3,-8,617.4193797114775,0
1,3,-6,1736.2851910735158,0
1,3,-4,178.57461627373186,0
1,3,-2,5075.145586616118,0
1,3,0,2821.5102727187436,0
1,3,2,4797.329599832327,0
1,3,4,249.11858020273036,0
1,3,6,1739.4503883348834,0
1,3,8,1741.0485580452373,0
1,4,-5,2618.716933547859,0
1,4,-3,2060.4406986012273,0
1,4,-1,924.4651522936358,0
1,4,1,656.2402721497498,0
1,4,3,1538.2985739956184,0
1,4,5,1890.1696699866434,0
1,4,9,8.815272146704038,0
2,-4,-10,706.7121570203382,0
2,-4,-8,4819.9551840805525,0
2,-4,-6,576.2623434797465,0
2,-4,0,4574.660942524925,0
2,-4,2,535.2711607170887,0
2,-4,4,1299.1279590862637,0
2,-4,6,382.3373249160071,0
2,-4,8,2392.769348917613,0
2,-4,10,433.3593988795235,0
2,-3,-9,140.51018939635668,0
2,-3,-7,1200.3420841932257,0
2,-3,-5,3045.188005113409,0
2,-3,-3,2907.064090774532,0
2,-3,-1,1155.4066209389719,0
2,-3,1,1023.8845259724798,0
2,-3,3,2723.3752199756996,0
2,-3,5,2246.7548144176026,0
2,-3,7,525.3645813187386,0
2,-3,9,4.633130232217651,0
2,-2,-10,705.9995635312234,0
2,-2,-8,3960.0803339167037,0
2,-2,-6,520.6051129458032,0
2,-2,-4,2849.8690880311583,0
2,-2,-2,2114.340105834406,0
2,-2,0,9890.18587368171,0
2,-2,2,1314.213729054618,0
2,-2,4,2278.313191496422,0
2,-2,6,443.4251946531413,0
2,-2,8,3038.5034571080055,0
2,-2,10,449.5616752271267,0
2,-1,-9,555.5099759259817,0
2,-1,-7,1801.959405831078,0
2,-1,-5,5547.757165544942,0
2,-1,-3,6238.536306183295,0
2,-1,-1,2315.569419212481,0
2,-1,1,2279.600891824553,0
2,-1,3,4087.0069833835328,0
2,-1,5,4253.982409826606,0
2,-1,7,1336.0448870283988,0
2,-1,9,796.2649612727992,0
2,0,-8,4930.170551124419,0
2,0,-6,721.9687234750199,0
2,0,-4,3352.378479568117,0
2,0,-2,3157.267182836008,0
2,0,0,19344.466763811026,0
2,0,2,2229.1223276000014,0
2,0,4,2394.564884314626,0
2,0,6,948.9703811434938,0
2,0,8,4420.57014683494,0
2,0,10,1250.1965138698738,0
2,1,-9,334.9315325939973,0
2,1,-7,1201.119758435985,0
2,1,-5,3985.2103212228167,0
2,1,-3,4168.03770710782,0
2,1,-1,1674.6278804186338,0
2,1,1,2753.072624435861,0
2,1,3,4812.8660661662925,0
2,1,5,6001.750114093282,0
2,1,7,1832.598731184855,0
2,1,9,763.7365154729549,0
2,2,-8,2735.4124146691875,0
2,2,-6,285.4766580396662,0
2,2,-4,3052.992567039487,0
2,2,-2,1796.3291101486766,0
2,2,0,9684.843179849948,0
2,2,2,2210.2006777174465,0
2,2,4,2991.7143816314165,0
2,2,6,553.3568503231044,0
2,2,8,5038.34875695759,0
2,3,-9,489.01010442973313,0
2,3,-7,663.1405535210073,0
2,3,-5,2648.132603927467,0
2,3,-3,3282.112916747471,0
2,3,-1,913.3759979377929,0
2,3,1,1131.4829116173294,0
2,3,3,3636.421425771657,0
2,3,5,2772.2459009529616,0
2,3,7,1084.967517834907,0
2,3,9,167.85487213219088,0
2,4,-10,357.677720884658,0
2,4,-8,2090.0014824092746,0
2,4,-6,283.80842636056985,0
2,4,-4,1236.5852491163917,0
2,4,-2,443.481210677688,0
2,4,0,4062.9516076848436,0
2,4,2,273.9418170206037,0
2,4,4,1369.8515210956164,0
2,4,6,392.67011696199404,0
2,4,8,1311.7913114009327,0
3,-4,-9,523.6745830581278,0
3,-4,-7,874.9301901529948,0
3,-4,-5,1935.9852547087653,0
3,-4,3,1274.734086241409,0
3,-4,5,1041.7025964985967,0
3,-4,7,446.7213108090903,0
3,-4,9,301.7966797215605,0
3,-3,-10,2746.869030092955,0
3,-3,-8,465.073866627083,0
3,-3,-6,164.35476700876714,0
3,-3,0,880.7883016525808,0
3,-3,2,2489.198132555329,0
3,-3,4,136.96301927795082,0
3,-3,6,1298.4840852787518,0
3,-3,8,730.9168347007195,0
3,-3,10,1307.880364336437,0
3,-2,-7,645.8776379276391,0
3,-2,-5,2373.22978968527,0
3,-2,-3,2425.323705133481,0
3,-2,-1,1273.2489785971416,0
3,-2,1,567.833260839407,0
3,-2,3,2455.992349740245,0
3,-2,5,1648.1176899341606,0
3,-2,7,592.4818226430007,0
3,-2,9,332.94266584217746,0
3,-1,-10,2648.7267644590174,0
3,-1,-8,973.7805624567613,0
3,-1,-6,2221.54729456071,0
3,-1,-4,209.3711694721321,0
3,-1,-2,5583.571468452568,0
3,-1,0,2600.494995254345,0
3,-1,2,3818.9646110824847,0
3,-1,4,188.93721016446196,0
3,-1,6,2277.503922474094,0
3,-1,8,1342.5196890880254,0
3,0,-7,761.0221631827811,0
3,0,-5,2566.2868337489294,0
3,0,-3,3396.2326623621734,0
3,0,-1,1595.5190279376748,0
3,0,1,915.6579587151717,0
3,0,3,3234.945910268242,0
3,0,5,3939.3583550928465,0
3,0,7,1123.5392141859047,0
3,0,9,635.3135696612036,0
3,1,-8,925.6355147891162,0
3,1,-6,1734.438137029506,0
3,1,-4,179.14008213129955,0
3,1,-2,4946.166218263997,0
3,1,0,2370.3582840698004,0
3,1,2,3985.067778277878,0
3,1,4,184.6052500144583,0
3,1,6,2976.317940847351,0
3,1,8,1460.6062059515068,0
3,1,10,1636.0384933312478,0
3,2,-9,673.7535310148024,0
3,2,-5,1631.640878090163,0
3,2,-3,2428.0720035682166,0
3,2,-1,780.8547413611886,0
3,2,1,1061.9881315221633,0
3,2,3,3785.7456866782118,0
3,2,5,2154.630946696565,0
3,2,7,1249.9314506777573,0
3,2,9,449.6054157837759,0
3,3,-10,1643.1413436145226,0
3,3,-8,590.1248813826697,0
3,3,-4,141.5276432526323,0
3,3,-2,2784.051213167683,0
3,3,0,1903.4681520052472,0
3,3,2,2582.687147480875,0
3,3,10,722.9602419249176,0
3,4,-9,382.02437891034845,0
3,4,-7,813.2283045440965,0
3,4,-1,730.0847082210595,0
3,4,1,599.0448238336387,0
3,4,7,303.2380428374669,0
3,4,9,132.90839975674706,0
4,-4,-10,628.8110061069572,0
4,-4,-8,2125.7394809884067,0
4,-4,-6,68.15509328856521,0
4,-4,-4,1153.5091373956673,0
4,-4,-2,497.2224676635423,0
4,-4,0,2266.3239848260346,0
4,-4,2,458.14874169509324,0
4,-4,4,636.9364828675887,0
4,-4,6,229.9691313256807,0
4,-4,10,232.70479534086812,0
4,-3,-9,594.8368280933446,0
4,-3,-7,1105.3368155545404,0
4,-3,-5,2262.132014676772,0
4,-3,1,1255.1410768486212,0
4,-3,3,814.1724222972687,0
4,-3,5,1331.6554713336277,0
4,-3,7,692.7072503408754,0
4,-3,9,348.10153803341257,0
4,-2,-10,836.5549090863263,0
4,-2,-8,3795.1870479833924,0
4,-2,-6,183.5229355353127,0
4,-2,-4,1087.1111846794743,0
4,-2,-2,652.4286667170485,0
4,-2,0,3255.6432525107903,0
4,-2,2,271.2294295614398,0
4,-2,4,577.0005240393232,0
4,-2,6,536.3565712260174,0
4,-2,8,1746.4723008963724,0
4,-2,10,506.8645376946872,0
4,-1,-9,792.6343295399624,0
4,-1,-7,845.3113122874181,0
4,-1,-5,1422.0858800672781,0
4,-1,-3,1481.1542381731213,0
4,-1,1,844.3394391456463,0
4,-1,3,1201.5967979199947,0
4,-1,5,2219.244575440073,0
4,-1,7,856.1457942687066,0
4,0,-10,986.6641288182377,0
4,0,-8,4105.761383856528,0
4,0,-6,143.76882497420704,0
4,0,-4,1119.093165577216,0
4,0,-2,852.7670842616591,0
4,0,0,4888.07771305238,0
4,0,2,945.3531741353185,0
4,0,10,282.72403723472456,0
4,1,-9,661.6582091882677,0
4,1,-5,492.6778694994912,0
4,1,-3,444.9727489447183,0
4,1,-1,851.574546016356,0
4,1,1,496.77960219113515,0
4,1,3,1673.241803048458,0
4,1,5,2078.9941502811907,0
4,1,9,229.9038905635348,0
4,2,-10,807.7147963563879,0
4,2,-8,3159.081308181916,0
4,2,-4,376.70629270189585,0
4,2,-2,205.3502250960943,0
4,2,0,2491.6138541118985,0
4,2,2,441.48162592089903,0
4,2,6,163.8614793692244,0
4,2,8,874.8596481444782,0
4,2,10,294.14542106171234,0
4,3,-9,416.38422530518886,0
4,3,-7,30.279386438194518,0
4,3,-1,259.667166452254,0
4,3,5,609.5073697047517,0
4,3,7,175.91686895963218,0
4,3,9,190.2250333819672,0
4,4,-10,411.54658296881524,0
4,4,-8,1296.3215728310959,0
4,4,-6,139.55047863122638,0
4,4,-4,712.8088512791976,0
4,4,-2,41.219255703436,0
4,4,0,384.4897279648242,0
4,4,2,60.159895855995686,0
4,4,4,214.54126941639777,0
4,4,6,113.96053030544576,0
4,4,8,627.8779674709735,0
5,-4,-9,427.47746713600077,0
5,-4,-7,233.57132654595677,0
5,-4,-5,1400.2225454343422,0
5,-4,-3,571.4969738531394,0
5,-4,-1,575.2751255229102,0
5,-4,1,309.325081669839,0
5,-4,5,944.7237228708228,0
5,-4,7,262.69177555271705,0
5,-4,9,129.80240652900375,0
5,-3,-8,283.784235745907,0
5,-3,-6,1202.8444522376094,0
5,-3,-4,285.2188906572223,0
5,-3,0,1527.7271884778872,0
5,-3,2,1651.0091015329153,0
5,-3,4,146.1765323727951,0
5,-3,6,569.8054969218886,0
5,-3,10,670.6513116045379,0
5,-2,-9,620.3313926384966,0
5,-2,-7,1133.3755013244975,0
5,-2,-5,2542.8312755223174,0
5,-2,-3,2492.059003260376,0
5,-2,-1,584.2553078958344,0
5,-2,1,715.626973860659,0
5,-2,3,839.0146450901223,0
5,-2,5,1845.1592747388538,0
5,-2,7,525.8037659815114,0
5,-2,9,251.17121209758204,0
5,-1,-10,1810.4717540483905,0
5,-1,-8,859.4793228115964,0
5,-1,-6,2134.3165262668904,0
5,-1,-4,203.05680863035602,0
5,-1,-2,1985.6053954503043,0
5,-1,0,1925.4904392811115,0
5,-1,6,1835.5686690344646,0
5,-1,8,477.8179970989953,0
5,-1,10,201.70567340103784,0
5,0,-9,443.88932045062774,0
5,0,-7,580.6906350098986,0
5,0,-5,1786.3372740274651,0
5,0,-3,1814.3342495862594,0
5,0,5,642.2073576902036,0
5,0,7,271.426099040727,0
5,0,9,158.8720041575385,0
5,1,-8,1077.9734462320826,0
5,1,-6,1679.1314845353204,0
5,1,-4,141.4167205299665,0
5,1,-2,815.7159267720373,0
5,1,0,504.326946700206,0
5,1,2,1064.1823919075887,0
5,1,4,62.85136778614978,0
5,1,6,562.0804734293214,0
5,1,8,306.0484104875565,0
5,2,-7,390.06785445125723,0
5,2,-5,1192.352102400406,0
5,2,-3,1743.5101252425225,0
5,2,-1,15.555629732046357,0
5,2,1,54.651406108502925,0
5,2,3,326.91373649031993,0
5,2,5,583.7359846893539,0
5,2,7,258.65350741293975,0
5,3,-10,137.1043593714589,0
5,3,-6,1116.0591125853748,0
5,3,-2,194.31903344312389,0
5,3,0,75.4002415580546,0
5,3,2,373.1570824753058,0
5,3,4,58.06136391350232,0
5,3,6,404.5375704139709,0
5,3,8,109.78407601238561,0
5,3,10,366.5854336151041,0
5,4,-9,239.59010478073344,0
5,4,-5,177.41327055129145,0
5,4,-3,214.5351867345232,0
5,4,-1,58.66192208914654,0
5,4,1,68.16327585138082,0
5,4,3,262.83291859601405,0
5,4,7,65.54582606969214,0
5,4,9,89.90139773687183,0
6,-4,-10,313.91258552070593,0
6,-4,-8,809.160202146795,0
6,-4,-6,267.128408457961,0
6,-4,-4,610.7865735822463,0
6,-4,-2,429.5929531714814,0
6,-4,0,1890.4117816291623,0
6,-4,2,182.7394065748583,0
6,-4,4,339.0910433327371,0
6,-4,6,121.02542399835234,0
6,-4,8,853.3403325637568,0
6,-3,-9,120.04222881568916,0
6,-3,-7,724.9257446560313,0
6,-3,-5,1193.0617041639302,0
6,-3,-1,479.82624757858565,0
6,-3,3,622.1783262113377,0
6,-3,5,1074.7987963020796,0
6,-3,7,252.27776028353173,0
6,-3,9,164.25264154261646,0
6,-2,-10,373.0830006927139,0
6,-2,-8,1247.6434640422217,0
6,-2,-6,314.1659872967338,0
6,-2,-2,552.1331067497515,0
6,-2,0,3485.5809939370233,0
6,-2,2,486.4728320958134,0
6,-2,4,503.50964313653304,0
6,-2,6,38.130738988593215,0
6,-2,8,600.8806959170956,0
6,-2,10,216.72661200831317,0
6,-1,-9,377.2330784660043,0
6,-1,-3,929.5765921827523,0
6,-1,-1,380.27754066542815,0
6,-1,1,662.132659306154,0
6,-1,3,1250.2007122646796,0
6,-1,5,682.8133040197354,0
6,-1,7,372.3592438541567,0
6,0,-10,329.36105798674913,0
6,0,-8,1890.9854998979658,0
6,0,-4,1354.6138052969955,0
6,0,-2,493.41778182393944,0
6,0,0,2816.1417499579798,0
6,0,2,571.9174863726686,0
6,0,4,752.2186347880656,0
6,0,6,62.918418238697136,0
6,0,10,92.56512394984759,0
6,1,-9,337.03900701701866,0
6,1,-7,743.0439264050135,0
6,1,-5,1143.4455386522409,0
6,1,-3,1103.6022166391533,0
6,1,-1,419.37882590033666,0
6,1,3,985.4707653305231,0
6,1,5,218.45824673912117,0
6,1,7,113.75560927263038,0
6,1,9,51.60013578454781,0
6,2,-10,338.1333186935733,0
6,2,-8,1204.931894274782,0
6,2,-4,856.5676888991591,0
6,2,-2,330.4117325183873,0
6,2,0,1856.9311285439223,0
6,2,2,39.238222955220216,0
6,2,6,83.56528149341474,0
6,2,8,359.20943384435975,0
6,2,10,81.4921891187201,0
6,3,-9,139.3212430423955,0
6,3,-7,612.4938196467325,0
6,3,-3,462.37740456856386,0
6,3,-1,40.66249545230618,0
6,3,1,134.947668738418,0
6,3,3,128.80327189766533,0
6,3,5,232.37086441994703,0
6,3,7,97.60940620036783,0
6,3,9,31.666020457477817,0
6,4,-10,139.99734833547066,0
6,4,-8,759.3576435403868,0
6,4,-6,123.9554468420837,0
6,4,-4,131.91288244517014,0
6,4,-2,29.95345783007707,0
6,4,0,255.7499257153524,0
6,4,2,54.09591811604483,0
6,4,4,161.93772740654447,0
6,4,6,36.470916893696476,0
6,4,8,226.26155780404986,0
7,-4,-9,136.76278706992764,0
7,-4,-7,477.8174276754042,0
7,-4,-5,819.3618650733359,0
7,-4,3,515.731682997894,0
7,-4,5,279.7206277267327,0
7,-4,7,99.89500374937094,0
7,-4,9,149.79415790546471,0
7,-3,-10,483.70966663687904,0
7,-3,-6,702.8757798373272,0
7,-3,-4,195.02615284782053,0
7,-3,-2,903.8204001971724,0
7,-3,0,724.1947224523911,0
7,-3,2,562.6771776642443,0
7,-3,4,144.60526764405637,0
7,-3,6,315.17285294855554,0
7,-3,8,390.0455695005482,0
7,-2,-7,640.099395059492,0
7,-2,-5,731.1629470313594,0
7,-2,-3,673.9207814409373,0
7,-2,-1,348.4302629552616,0
7,-2,1,337.35339072964155,0
7,-2,3,492.1428271148475,0
7,-2,9,104.96448339350407,0
7,-1,-8,608.8540886221713,0
7,-1,-6,701.9313176213042,0
7,-1,-4,231.8577528515525,0
7,-1,-2,2175.785298718558,0
7,-1,0,427.40357216329244,0
7,-1,2,777.9151406658211,0
7,-1,4,110.56208892383803,0
7,-1,6,340.9779827806086,0
7,-1,8,49.85306012866975,0
7,-1,10,131.25957950531026,0
7,0,-9,125.5922243266899,0
7,0,-7,463.1586353567701,0
7,0,-5,895.9704406659773,0
7,0,-3,489.7283499722772,0
7,0,-1,884.8333233843962,0
7,0,1,426.01055242714574,0
7,0,3,362.4203032344583,0
7,0,5,220.41185343409455,0
7,0,7,117.03582304744371,0
7,0,9,35.0444854985108,0
7,1,-8,365.46548255740055,0
7,1,-6,790.6435777143113,0
7,1,-4,113.33722097769203,0
7,1,-2,1737.3178054967138,0
7,1,0,232.80361139592557,0
7,1,2,211.4897798013005,0
7,1,4,17.22269112955349,0
7,1,8,57.234333171823856,0
7,2,-7,294.94118357311646,0
7,2,-5,367.99081364855215,0
7,2,-3,336.08893125641436,0
7,2,-1,149.85808668330415,0
7,2,1,138.00556725823418,0
7,2,3,172.04433547221072,0
7,2,5,136.7701015775821,0
7,2,7,126.65919171075099,0
7,3,-10,312.25343726089784,0
7,3,-8,423.1690027885222,0
7,3,-6,401.6320578511583,0
7,3,-4,67.8761501627091,0
7,3,-2,71.32138656804202,0
7,3,0,58.3807003378807,0
7,3,2,99.99694233671296,0
7,3,4,27.73413938560767,0
7,3,8,53.561233854649636,0
7,3,10,122.85877125347298,0
7,4,-9,83.12391594279423,0
7,4,-7,340.11192687689766,0
7,4,-5,120.62799179744074,0
7,4,-1,44.91314508196107,0
7,4,1,71.38367812214001,0
7,4,7,13.421070469302483,0
7,4,9,31.953490165067183,0
8,-4,-10,210.33318125857977,0
8,-4,-8,372.2693646888896,0
8,-4,-6,28.177945602657445,0
8,-4,-4,288.3964892434382,0
8,-4,-2,154.91357197018073,0
8,-4,0,600.9772549051431,0
8,-4,2,93.11405915966799,0
8,-4,4,63.02642350395029,0
8,-4,6,106.52383162879893,0
8,-4,8,131.34036925269652,0
8,-4,10,65.81878953542152,0
8,-3,-9,151.69362049412112,0
8,-3,-7,501.14128514742646,0
8,-3,-5,445.8611925586636,0
8,-3,-3,193.04090156063612,0
8,-3,-1,165.2789714944851,0
8,-3,1,255.4114890300582,0
8,-3,3,414.9521037938785,0
8,-3,5,172.13155560334138,0
8,-3,7,89.5892500235164,0
8,-3,9,66.65784345625487,0
8,-2,-10,318.68717956260997,0
8,-2,-8,509.09272642553634,0
8,-2,-6,111.29617351923372,0
8,-2,-4,274.3093324281326,0
8,-2,-2,461.6096138247537,0
8,-2,0,1447.178351355211,0
8,-2,2,18.878075516302022,0
8,-2,4,24.153242565033022,0
8,-2,6,75.42860570578236,0
8,-1,-9,87.43874527649075,0
8,-1,-7,423.386287450925,0
8,-1,-5,242.424424257119,0
8,-1,-3,90.92426742494659,0
8,-1,-1,93.69656037563583,0
8,-1,1,293.44632930953577,0
8,-1,3,297.6648224809544,0
8,-1,5,247.5935555987764,0
8,-1,7,56.00997576552698,0
8,0,-10,158.69861088892412,0
8,0,-8,328.43286751691073,0
8,0,-6,134.3637343769631,0
8,0,-4,39.18085582327521,0
8,0,-2,43.79397866990437,0
8,0,0,609.6117783143171,0
8,0,2,191.85016676277874,0
8,0,4,52.089457045576026,0
8,0,6,83.01113173174767,0
8,0,8,101.79497070544544,0
8,0,10,25.566363177291933,0
8,1,-9,74.71986242274147,0
8,1,-7,230.53539936064485,0
8,1,-5,28.918880766253363,0
8,1,-3,399.6902318365489,0
8,1,-1,142.10349705545036,0
8,1,1,124.4375470076015,0
8,1,5,74.39283981404662,0
8,1,7,75.11653187949534,0
8,1,9,18.889990511093686,0
8,2,-10,127.36827906320372,0
8,2,-6,59.236238605757464,0
8,2,-4,171.42737256773987,0
8,2,-2,127.5724211041529,0
8,2,0,95.4664797949372,0
8,2,2,29.92363819849654,0
8,2,4,39.51479278375952,0
8,2,6,60.501275076441765,0
8,2,10,43.8292963729511,0
8,3,-7,187.5210531423395,0
8,3,-5,148.85769772975826,0
8,3,-3,61.150864629486854,0
8,3,-1,25.05361087373486,0
8,3,1,67.0835450472338,0
8,3,3,100.7556243585277,0
8,3,5,139.67052061372434,0
8,3,7,37.091401490051524,0
8,3,9,25.691185160129827,0
8,4,-10,58.5283651469999,0
8,4,-8,145.77919297524372,0
8,4,-6,26.677233717601016,0
8,4,-4,36.51501247240989,0
8,4,-2,13.732360426452832,0
8,4,0,178.6748507720768,0
8,4,2,41.148909033366884,0
8,4,4,52.170543051771666,0
8,4,6,20.131978625964884,0
8,4,8,57.727678242535866,0
8,4,10,28.422804054623292,0
9,-4,-9,34.191195236279036,0
9,-4,-7,111.70213903163808,0
9,-4,-5,387.839694465982,0
9,-4,-3,53.77631917879754,0
9,-4,-1,187.4673112484235,0
9,-4,1,151.94382388136773,0
9,-4,3,238.13745835961385,0
9,-4,5,150.75714481190508,0
9,-4,7,84.02964051743905,0
9,-4,9,47.917461159388026,0
9,-3,-10,386.62820998655195,0
9,-3,-8,147.5058806859695,0
9,-3,-6,323.0722522803289,0
9,-3,-2,520.0556183403548,0
9,-3,0,230.7184422003843,0
9,-3,2,292.0877539095871,0
9,-3,4,79.46737044480953,0
9,-3,6,184.6857454370553,0
9,-2,-9,105.91658400383129,0
9,-2,-5,757.6781392835518,0
9,-2,-3,254.2053503679627,0
9,-2,-1,344.6976789524544,0
9,-2,1,221.30152387710237,0
9,-2,3,408.2130484574613,0
9,-2,5,199.8573155719861,0
9,-2,7,117.77748013783446,0
9,-1,-10,185.17628916445477,0
9,-1,-6,97.62221050681592,0
9,-1,-4,37.21165180656999,0
9,-1,-2,169.47487426379655,0
9,-1,0,141.50851512544003,0
9,-1,2,431.6600410519344,0
9,-1,4,97.45342694170678,0
9,0,-7,109.38710591075123,0
9,0,-5,227.02001749134388,0
9,0,-3,199.56061242728182,0
9,0,-1,192.90306748113247,0
9,0,1,135.10764595378762,0
9,0,3,233.91289993903354,0
9,0,5,172.85531023956423,0
9,0,7,52.080777673932424,0
9,0,9,13.83924262624691,0
9,1,-10,189.3310986228671,0
9,1,-8,104.39592479445996,0
9,1,-6,68.12580351505251,0
9,1,-4,71.81180758401536,0
9,1,-2,141.90924145427482,0
9,1,0,111.75351427191886,0
9,1,2,140.7354882595353,0
9,1,4,17.610493229461238,0
9,1,6,128.3660688693546,0
9,1,8,86.22091304295928,0
9,1,10,52.69811908759728,0
9,2,-7,266.5435097868445,0
9,2,-5,128.5835891667794,0
9,2,-3,24.61742508894169,0
9,2,-1,92.62565833443438,0
9,2,1,35.163050654380946,0
9,2,3,90.1065101959508,0
9,2,5,44.897605201918395,0
9,2,9,40.21928241075378,0
9,3,-10,122.80879716193641,0
9,3,-8,10.048156479141559,0
9,3,-6,16.615560109853988,0
9,3,-2,186.88710739211388,0
9,3,0,9.001745217396786e-23,0
9,3,2,52.80525479242043,0
9,3,6,39.881215976598355,0
9,3,8,49.199965046331194,0
9,3,10,34.90541729482343,0
9,4,-9,35.20639909210343,0
9,4,-7,10.689135918640469,0
9,4,-5,8.32902057865738,0
9,4,-3,30.12786421193322,0
9,4,-1,38.458843073438544,0
9,4,1,23.373495973088875,0
9,4,3,66.4614863699687,0
9,4,5,23.92043836378855,0
9,4,7,24.98768730839117,0
9,4,9,12.014583018480703,0
10,-4,-10,119.60782267539076,0
10,-4,-6,54.97396592670486,0
10,-4,-4,58.4113012674835,0
10,-4,-2,7.489292332877937,0
10,-4,0,253.47121933329518,0
10,-4,2,43.54082240564566,0
10,-4,4,44.62477067901813,0
10,-4,6,56.0240538270304,0
10,-4,8,121.2039371217247,0
10,-3,-9,33.87646575613122,0
10,-3,-7,218.22201825692872,0
10,-3,-3,53.74511540787789,0
10,-3,-1,107.3922937186369,0
10,-3,1,56.34074572460553,0
10,-3,3,196.87630753021247,0
10,-3,5,98.26100165181394,0
10,-3,7,46.4076891566912,0
10,-2,-10,130.25543376416041,0
10,-2,-8,297.84567133144105,0
10,-2,-6,7.047651180096772,0
10,-2,-4,108.60482858785194,0
10,-2,-2,267.3476266098371,0
10,-2,0,82.05840701047396,0
10,-2,2,109.24906671663064,0
10,-2,4,175.6965575385819,0
10,-1,-9,28.421469970595087,0
10,-1,-7,47.38544851736074,0
10,-1,-5,158.28205604646308,0
10,-1,-3,68.85695999744227,0
10,-1,-1,0.6169240702658976,0
10,-1,1,321.5521829426411,0
10,0,-10,106.31790391136603,0
10,0,-8,137.4238341760314,0
10,0,-6,35.369665261371885,0
10,0,-4,13.981217745714902,0
10,0,0,367.5983386711693,0
10,0,6,26.089701564088543,0
10,0,8,86.8299556170879,0
10,0,10,16.670243635143265,0
10,1,-9,19.381634906189223,0
10,1,-7,108.923875752889,0
10,1,-5,73.4952010849864,0
10,1,-3,21.85097171722339,0
10,1,-1,19.717068586023064,0
10,1,1,56.86305017123242,0
10,1,3,51.524351671142526,0
10,1,5,80.09568220374437,0
10,1,7,29.428312441602397,0
10,1,9,28.03063097366942,0
10,2,-10,48.11415873922477,0
10,2,-8,64.42936146945269,0
10,2,-6,19.008876848607844,0
10,2,-4,16.558912608763688,0
10,2,-2,7.093943546257562,0
10,2,0,59.556569261744244,0
10,2,2,26.011907070055138,0
10,2,4,14.80660839786967,0
10,2,6,10.899895411058138,0
10,2,8,58.22702025460997,0
10,2,10,7.294681629510347,0
10,3,-9,14.851281753826562,0
10,3,-7,33.34011015442627,0
10,3,-5,32.80866549858152,0
10,3,-3,22.141220638579814,0
10,3,-1,23.472612807236754,0
10,3,1,40.539401603745034,0
10,3,3,8.51732263561817,0
10,3,5,19.76659747452917,0
10,3,7,7.822852380845235,0
10,3,9,21.560097004548528,0
10,4,-10,8.784088322011032,0
10,4,-6,5.0127057929803005,0
10,4,-4,15.161054754617075,0
10,4,-2,15.548602209263272,0
10,4,0,85.0753141997079,0
10,4,2,3.549125833570675,0
10,4,4,19.5121188640225,0
10,4,6,34.78674403883266,0
10,4,8,46.59023601296866,0
10,4,10,8.083963155435839,0
